{"cameraMode":{"drawMode":0,"name":"Shaded","section":"Shading Mode"},"sceneLighting":false,"audioPlay":false,"sceneViewState":{"showFog":false,"showMaterialUpdate":false,"showSkybox":false,"showFlares":false,"showImageEffects":false,"showParticleSystems":false},"in2DMode":false,"pivot":{"x":0.7413482069969177,"y":0.16388726234436036,"z":-1.3882633447647095},"rotation":{"x":0.4181421101093292,"y":-6.4954246425941168e-9,"z":6.274289088281648e-9,"w":0.9083834886550903},"size":11.539780616760254,"orthographic":false}