{"cameraMode":{"drawMode":0,"name":"Shaded","section":"Shading Mode"},"sceneLighting":false,"audioPlay":false,"sceneViewState":{"showFog":false,"showMaterialUpdate":false,"showSkybox":false,"showFlares":false,"showImageEffects":false,"showParticleSystems":false},"in2DMode":false,"pivot":{"x":-1.0627217292785645,"y":-12.880959510803223,"z":29.191268920898439},"rotation":{"x":-0.21901863813400269,"y":0.003509672824293375,"z":-0.0007877217140048742,"w":-0.9757155179977417},"size":26.336517333984376,"orthographic":false}