{"cameraMode":{"drawMode":0,"name":"Shaded","section":"Shading Mode"},"sceneLighting":false,"audioPlay":false,"sceneViewState":{"showFog":false,"showMaterialUpdate":false,"showSkybox":false,"showFlares":false,"showImageEffects":false,"showParticleSystems":false},"in2DMode":false,"pivot":{"x":0.5526814460754395,"y":-18.28710174560547,"z":87.99565887451172},"rotation":{"x":-0.11852982640266419,"y":-0.0038754043634980919,"z":0.00046269569429568946,"w":-0.9929459095001221},"size":52.850616455078128,"orthographic":false}