{"cameraMode":{"drawMode":0,"name":"Shaded","section":"Shading Mode"},"sceneLighting":false,"audioPlay":false,"sceneViewState":{"showFog":false,"showMaterialUpdate":false,"showSkybox":false,"showFlares":false,"showImageEffects":false,"showParticleSystems":false},"in2DMode":false,"pivot":{"x":260.3933410644531,"y":136.83355712890626,"z":123.5376968383789},"rotation":{"x":-0.11852982640266419,"y":-0.0038754043634980919,"z":0.00046269569429568946,"w":-0.9929459095001221},"size":405.86810302734377,"orthographic":false}